{"cameraMode":{"drawMode":0,"name":"Shaded","section":"Shading Mode"},"sceneLighting":true,"audioPlay":false,"sceneViewState":{"showFog":true,"showMaterialUpdate":true,"showSkybox":true,"showFlares":true,"showImageEffects":true,"showParticleSystems":true},"in2DMode":false,"pivot":{"x":-8.83855152130127,"y":2.014171600341797,"z":-8.833514213562012},"rotation":{"x":-0.15336008369922639,"y":-0.7822265028953552,"z":0.21220692992210389,"w":-0.5653085708618164},"size":10.718647956848145,"orthographic":false}